SET MODE MySQL;

INSERT IGNORE INTO golfs (id, name) VALUES (1, 'Château de Cély');
INSERT IGNORE INTO golfs (id, name) VALUES (2, 'Coudray Montceaux');
INSERT IGNORE INTO golfs (id, name) VALUES (3, 'Etiolles');
INSERT IGNORE INTO golfs (id, name) VALUES (5, 'Courson Stade Français');
INSERT IGNORE INTO golfs (id, name) VALUES (4, 'Ozoir');


INSERT IGNORE INTO courses (id, name, golf_id) VALUES (1, null, 1);
INSERT IGNORE INTO courses (id, name, golf_id) VALUES (2, 'Les marroniers', 2);
INSERT IGNORE INTO courses (id, name, golf_id) VALUES (3, 'Les cerfs', 3);
INSERT IGNORE INTO courses (id, name, golf_id) VALUES (4, 'Parcours du château', 4);
INSERT IGNORE INTO courses (id, name, golf_id) VALUES (5, 'Vert-Noir', 5);
INSERT IGNORE INTO courses (id, name, golf_id) VALUES (6, 'Vert-Orange', 5);
INSERT IGNORE INTO courses (id, name, golf_id) VALUES (7, 'Vert-Lilas', 5);
INSERT IGNORE INTO courses (id, name, golf_id) VALUES (8, 'Noir-Orange', 5);
INSERT IGNORE INTO courses (id, name, golf_id) VALUES (9, 'Noir-Lilas', 5);
INSERT IGNORE INTO courses (id, name, golf_id) VALUES (10, 'Noir-Vert', 5);
INSERT IGNORE INTO courses (id, name, golf_id) VALUES (11, 'Lilas-Noir', 5);
INSERT IGNORE INTO courses (id, name, golf_id) VALUES (12, 'Lilas-Vert', 5);
INSERT IGNORE INTO courses (id, name, golf_id) VALUES (13, 'Lilas-Orange', 5);
INSERT IGNORE INTO courses (id, name, golf_id) VALUES (14, 'Orange-Noir', 5);
INSERT IGNORE INTO courses (id, name, golf_id) VALUES (15, 'Orange-Lilas', 5);
INSERT IGNORE INTO courses (id, name, golf_id) VALUES (16, 'Orange-Vert', 5);

INSERT IGNORE INTO holes (id, num, par, name, walk_time, course_id) VALUES (1, 1, 5, null, 0, 1);
INSERT IGNORE INTO holes (id, num, par, name, walk_time, course_id) VALUES (2, 2, 4, null, 0, 1);
INSERT IGNORE INTO holes (id, num, par, name, walk_time, course_id) VALUES (3, 3, 4, null, 0, 1);
INSERT IGNORE INTO holes (id, num, par, name, walk_time, course_id) VALUES (4, 4, 4, null, 0, 1);
INSERT IGNORE INTO holes (id, num, par, name, walk_time, course_id) VALUES (5, 5, 3, null, 0, 1);
INSERT IGNORE INTO holes (id, num, par, name, walk_time, course_id) VALUES (6, 6, 5, null, 0, 1);
INSERT IGNORE INTO holes (id, num, par, name, walk_time, course_id) VALUES (7, 7, 3, null, 0, 1);
INSERT IGNORE INTO holes (id, num, par, name, walk_time, course_id) VALUES (8, 8, 4, null, 0, 1);
INSERT IGNORE INTO holes (id, num, par, name, walk_time, course_id) VALUES (9, 9, 4, null, 0, 1);
INSERT IGNORE INTO holes (id, num, par, name, walk_time, course_id) VALUES (10, 10, 5, null, 0, 1);
INSERT IGNORE INTO holes (id, num, par, name, walk_time, course_id) VALUES (11, 11, 4, null, 0, 1);
INSERT IGNORE INTO holes (id, num, par, name, walk_time, course_id) VALUES (12, 12, 3, null, 0, 1);
INSERT IGNORE INTO holes (id, num, par, name, walk_time, course_id) VALUES (13, 13, 4, null, 0, 1);
INSERT IGNORE INTO holes (id, num, par, name, walk_time, course_id) VALUES (14, 14, 4, null, 0, 1);
INSERT IGNORE INTO holes (id, num, par, name, walk_time, course_id) VALUES (15, 15, 5, null, 0, 1);
INSERT IGNORE INTO holes (id, num, par, name, walk_time, course_id) VALUES (16, 16, 4, null, 0, 1);
INSERT IGNORE INTO holes (id, num, par, name, walk_time, course_id) VALUES (17, 17, 3, null, 0, 1);
INSERT IGNORE INTO holes (id, num, par, name, walk_time, course_id) VALUES (18, 18, 4, null, 0, 1);
INSERT IGNORE INTO holes (id, num, par, name, walk_time, course_id) VALUES (19, 1, 4, null, 0, 2);
INSERT IGNORE INTO holes (id, num, par, name, walk_time, course_id) VALUES (20, 2, 4, null, 0, 2);
INSERT IGNORE INTO holes (id, num, par, name, walk_time, course_id) VALUES (21, 3, 3, null, 0, 2);
INSERT IGNORE INTO holes (id, num, par, name, walk_time, course_id) VALUES (22, 4, 5, null, 0, 2);
INSERT IGNORE INTO holes (id, num, par, name, walk_time, course_id) VALUES (23, 5, 4, null, 0, 2);
INSERT IGNORE INTO holes (id, num, par, name, walk_time, course_id) VALUES (24, 6, 4, null, 0, 2);
INSERT IGNORE INTO holes (id, num, par, name, walk_time, course_id) VALUES (25, 7, 4, null, 0, 2);
INSERT IGNORE INTO holes (id, num, par, name, walk_time, course_id) VALUES (26, 8, 5, null, 0, 2);
INSERT IGNORE INTO holes (id, num, par, name, walk_time, course_id) VALUES (27, 9, 3, null, 0, 2);
INSERT IGNORE INTO holes (id, num, par, name, walk_time, course_id) VALUES (28, 10, 4, null, 0, 2);
INSERT IGNORE INTO holes (id, num, par, name, walk_time, course_id) VALUES (29, 11, 4, null, 0, 2);
INSERT IGNORE INTO holes (id, num, par, name, walk_time, course_id) VALUES (30, 12, 5, null, 0, 2);
INSERT IGNORE INTO holes (id, num, par, name, walk_time, course_id) VALUES (31, 13, 4, null, 0, 2);
INSERT IGNORE INTO holes (id, num, par, name, walk_time, course_id) VALUES (32, 14, 3, null, 0, 2);
INSERT IGNORE INTO holes (id, num, par, name, walk_time, course_id) VALUES (33, 15, 4, null, 0, 2);
INSERT IGNORE INTO holes (id, num, par, name, walk_time, course_id) VALUES (34, 16, 4, null, 0, 2);
INSERT IGNORE INTO holes (id, num, par, name, walk_time, course_id) VALUES (35, 17, 3, null, 0, 2);
INSERT IGNORE INTO holes (id, num, par, name, walk_time, course_id) VALUES (36, 18, 4, null, 0, 2);
INSERT IGNORE INTO holes (id, num, par, name, walk_time, course_id) VALUES (37, 1, 5, null, 0, 3);
INSERT IGNORE INTO holes (id, num, par, name, walk_time, course_id) VALUES (38, 2, 3, null, 0, 3);
INSERT IGNORE INTO holes (id, num, par, name, walk_time, course_id) VALUES (39, 3, 4, null, 0, 3);
INSERT IGNORE INTO holes (id, num, par, name, walk_time, course_id) VALUES (40, 4, 4, null, 0, 3);
INSERT IGNORE INTO holes (id, num, par, name, walk_time, course_id) VALUES (41, 5, 3, null, 0, 3);
INSERT IGNORE INTO holes (id, num, par, name, walk_time, course_id) VALUES (42, 6, 4, null, 0, 3);
INSERT IGNORE INTO holes (id, num, par, name, walk_time, course_id) VALUES (43, 7, 4, null, 0, 3);
INSERT IGNORE INTO holes (id, num, par, name, walk_time, course_id) VALUES (44, 8, 5, null, 0, 3);
INSERT IGNORE INTO holes (id, num, par, name, walk_time, course_id) VALUES (45, 9, 4, null, 0, 3);
INSERT IGNORE INTO holes (id, num, par, name, walk_time, course_id) VALUES (46, 10, 3, null, 0, 3);
INSERT IGNORE INTO holes (id, num, par, name, walk_time, course_id) VALUES (47, 11, 5, null, 0, 3);
INSERT IGNORE INTO holes (id, num, par, name, walk_time, course_id) VALUES (48, 12, 4, null, 0, 3);
INSERT IGNORE INTO holes (id, num, par, name, walk_time, course_id) VALUES (49, 13, 4, null, 0, 3);
INSERT IGNORE INTO holes (id, num, par, name, walk_time, course_id) VALUES (50, 14, 4, null, 0, 3);
INSERT IGNORE INTO holes (id, num, par, name, walk_time, course_id) VALUES (51, 15, 3, null, 0, 3);
INSERT IGNORE INTO holes (id, num, par, name, walk_time, course_id) VALUES (52, 16, 4, null, 0, 3);
INSERT IGNORE INTO holes (id, num, par, name, walk_time, course_id) VALUES (53, 17, 4, null, 0, 3);
INSERT IGNORE INTO holes (id, num, par, name, walk_time, course_id) VALUES (54, 18, 5, null, 0, 3);
INSERT IGNORE INTO holes (id, num, par, name, walk_time, course_id) VALUES (55, 1, 5, null, 0, 4);
INSERT IGNORE INTO holes (id, num, par, name, walk_time, course_id) VALUES (56, 2, 3, null, 0, 4);
INSERT IGNORE INTO holes (id, num, par, name, walk_time, course_id) VALUES (57, 3, 4, null, 0, 4);
INSERT IGNORE INTO holes (id, num, par, name, walk_time, course_id) VALUES (58, 4, 4, null, 0, 4);
INSERT IGNORE INTO holes (id, num, par, name, walk_time, course_id) VALUES (59, 5, 3, null, 0, 4);
INSERT IGNORE INTO holes (id, num, par, name, walk_time, course_id) VALUES (60, 6, 4, null, 0, 4);
INSERT IGNORE INTO holes (id, num, par, name, walk_time, course_id) VALUES (61, 7, 4, null, 0, 4);
INSERT IGNORE INTO holes (id, num, par, name, walk_time, course_id) VALUES (62, 8, 5, null, 0, 4);
INSERT IGNORE INTO holes (id, num, par, name, walk_time, course_id) VALUES (63, 9, 4, null, 0, 4);
INSERT IGNORE INTO holes (id, num, par, name, walk_time, course_id) VALUES (64, 10, 3, null, 0, 4);
INSERT IGNORE INTO holes (id, num, par, name, walk_time, course_id) VALUES (65, 11, 5, null, 0, 4);
INSERT IGNORE INTO holes (id, num, par, name, walk_time, course_id) VALUES (66, 12, 4, null, 0, 4);
INSERT IGNORE INTO holes (id, num, par, name, walk_time, course_id) VALUES (67, 13, 4, null, 0, 4);
INSERT IGNORE INTO holes (id, num, par, name, walk_time, course_id) VALUES (68, 14, 4, null, 0, 4);
INSERT IGNORE INTO holes (id, num, par, name, walk_time, course_id) VALUES (69, 15, 3, null, 0, 4);
INSERT IGNORE INTO holes (id, num, par, name, walk_time, course_id) VALUES (70, 16, 4, null, 0, 4);
INSERT IGNORE INTO holes (id, num, par, name, walk_time, course_id) VALUES (71, 17, 4, null, 0, 4);
INSERT IGNORE INTO holes (id, num, par, name, walk_time, course_id) VALUES (72, 18, 5, null, 0, 4);
INSERT IGNORE INTO holes (id, num, par, name, walk_time, course_id) VALUES (73, 1, 4, null, 0, 5);
INSERT IGNORE INTO holes (id, num, par, name, walk_time, course_id) VALUES (74, 2, 3, null, 0, 5);
INSERT IGNORE INTO holes (id, num, par, name, walk_time, course_id) VALUES (75, 3, 4, null, 0, 5);
INSERT IGNORE INTO holes (id, num, par, name, walk_time, course_id) VALUES (76, 4, 4, null, 0, 5);
INSERT IGNORE INTO holes (id, num, par, name, walk_time, course_id) VALUES (77, 5, 5, null, 0, 5);
INSERT IGNORE INTO holes (id, num, par, name, walk_time, course_id) VALUES (78, 6, 4, null, 0, 5);
INSERT IGNORE INTO holes (id, num, par, name, walk_time, course_id) VALUES (79, 7, 4, null, 0, 5);
INSERT IGNORE INTO holes (id, num, par, name, walk_time, course_id) VALUES (80, 8, 3, null, 0, 5);
INSERT IGNORE INTO holes (id, num, par, name, walk_time, course_id) VALUES (81, 9, 5, null, 0, 5);
INSERT IGNORE INTO holes (id, num, par, name, walk_time, course_id) VALUES (82, 10, 4, null, 0, 5);
INSERT IGNORE INTO holes (id, num, par, name, walk_time, course_id) VALUES (83, 11, 3, null, 0, 5);
INSERT IGNORE INTO holes (id, num, par, name, walk_time, course_id) VALUES (84, 12, 4, null, 0, 5);
INSERT IGNORE INTO holes (id, num, par, name, walk_time, course_id) VALUES (85, 13, 4, null, 0, 5);
INSERT IGNORE INTO holes (id, num, par, name, walk_time, course_id) VALUES (86, 14, 5, null, 0, 5);
INSERT IGNORE INTO holes (id, num, par, name, walk_time, course_id) VALUES (87, 15, 3, null, 0, 5);
INSERT IGNORE INTO holes (id, num, par, name, walk_time, course_id) VALUES (88, 16, 4, null, 0, 5);
INSERT IGNORE INTO holes (id, num, par, name, walk_time, course_id) VALUES (89, 17, 4, null, 0, 5);
INSERT IGNORE INTO holes (id, num, par, name, walk_time, course_id) VALUES (90, 18, 5, null, 0, 5);
INSERT IGNORE INTO holes (id, num, par, name, walk_time, course_id) VALUES (91, 1, 4, null, 0, 6);
INSERT IGNORE INTO holes (id, num, par, name, walk_time, course_id) VALUES (92, 2, 3, null, 0, 6);
INSERT IGNORE INTO holes (id, num, par, name, walk_time, course_id) VALUES (93, 3, 4, null, 0, 6);
INSERT IGNORE INTO holes (id, num, par, name, walk_time, course_id) VALUES (94, 4, 4, null, 0, 6);
INSERT IGNORE INTO holes (id, num, par, name, walk_time, course_id) VALUES (95, 5, 5, null, 0, 6);
INSERT IGNORE INTO holes (id, num, par, name, walk_time, course_id) VALUES (96, 6, 4, null, 0, 6);
INSERT IGNORE INTO holes (id, num, par, name, walk_time, course_id) VALUES (97, 7, 4, null, 0, 6);
INSERT IGNORE INTO holes (id, num, par, name, walk_time, course_id) VALUES (98, 8, 3, null, 0, 6);
INSERT IGNORE INTO holes (id, num, par, name, walk_time, course_id) VALUES (99, 9, 5, null, 0, 6);
INSERT IGNORE INTO holes (id, num, par, name, walk_time, course_id) VALUES (100, 10, 5, null, 0, 6);
INSERT IGNORE INTO holes (id, num, par, name, walk_time, course_id) VALUES (101, 11, 4, null, 0, 6);
INSERT IGNORE INTO holes (id, num, par, name, walk_time, course_id) VALUES (102, 12, 4, null, 0, 6);
INSERT IGNORE INTO holes (id, num, par, name, walk_time, course_id) VALUES (103, 13, 4, null, 0, 6);
INSERT IGNORE INTO holes (id, num, par, name, walk_time, course_id) VALUES (104, 14, 3, null, 0, 6);
INSERT IGNORE INTO holes (id, num, par, name, walk_time, course_id) VALUES (105, 15, 4, null, 0, 6);
INSERT IGNORE INTO holes (id, num, par, name, walk_time, course_id) VALUES (106, 16, 4, null, 0, 6);
INSERT IGNORE INTO holes (id, num, par, name, walk_time, course_id) VALUES (107, 17, 3, null, 0, 6);
INSERT IGNORE INTO holes (id, num, par, name, walk_time, course_id) VALUES (108, 18, 5, null, 0, 6);
INSERT IGNORE INTO holes (id, num, par, name, walk_time, course_id) VALUES (109, 1, 4, null, 0, 7);
INSERT IGNORE INTO holes (id, num, par, name, walk_time, course_id) VALUES (110, 2, 3, null, 0, 7);
INSERT IGNORE INTO holes (id, num, par, name, walk_time, course_id) VALUES (111, 3, 4, null, 0, 7);
INSERT IGNORE INTO holes (id, num, par, name, walk_time, course_id) VALUES (112, 4, 4, null, 0, 7);
INSERT IGNORE INTO holes (id, num, par, name, walk_time, course_id) VALUES (113, 5, 5, null, 0, 7);
INSERT IGNORE INTO holes (id, num, par, name, walk_time, course_id) VALUES (114, 6, 4, null, 0, 7);
INSERT IGNORE INTO holes (id, num, par, name, walk_time, course_id) VALUES (115, 7, 4, null, 0, 7);
INSERT IGNORE INTO holes (id, num, par, name, walk_time, course_id) VALUES (116, 8, 3, null, 0, 7);
INSERT IGNORE INTO holes (id, num, par, name, walk_time, course_id) VALUES (117, 9, 5, null, 0, 7);
INSERT IGNORE INTO holes (id, num, par, name, walk_time, course_id) VALUES (118, 10, 4, null, 0, 7);
INSERT IGNORE INTO holes (id, num, par, name, walk_time, course_id) VALUES (119, 11, 4, null, 0, 7);
INSERT IGNORE INTO holes (id, num, par, name, walk_time, course_id) VALUES (120, 12, 4, null, 0, 7);
INSERT IGNORE INTO holes (id, num, par, name, walk_time, course_id) VALUES (121, 13, 3, null, 0, 7);
INSERT IGNORE INTO holes (id, num, par, name, walk_time, course_id) VALUES (122, 14, 4, null, 0, 7);
INSERT IGNORE INTO holes (id, num, par, name, walk_time, course_id) VALUES (123, 15, 5, null, 0, 7);
INSERT IGNORE INTO holes (id, num, par, name, walk_time, course_id) VALUES (124, 16, 4, null, 0, 7);
INSERT IGNORE INTO holes (id, num, par, name, walk_time, course_id) VALUES (125, 17, 3, null, 0, 7);
INSERT IGNORE INTO holes (id, num, par, name, walk_time, course_id) VALUES (126, 18, 5, null, 0, 7);
INSERT IGNORE INTO holes (id, num, par, name, walk_time, course_id) VALUES (127, 1, 4, null, 0, 8);
INSERT IGNORE INTO holes (id, num, par, name, walk_time, course_id) VALUES (128, 2, 3, null, 0, 8);
INSERT IGNORE INTO holes (id, num, par, name, walk_time, course_id) VALUES (129, 3, 4, null, 0, 8);
INSERT IGNORE INTO holes (id, num, par, name, walk_time, course_id) VALUES (130, 4, 4, null, 0, 8);
INSERT IGNORE INTO holes (id, num, par, name, walk_time, course_id) VALUES (131, 5, 5, null, 0, 8);
INSERT IGNORE INTO holes (id, num, par, name, walk_time, course_id) VALUES (132, 6, 3, null, 0, 8);
INSERT IGNORE INTO holes (id, num, par, name, walk_time, course_id) VALUES (133, 7, 4, null, 0, 8);
INSERT IGNORE INTO holes (id, num, par, name, walk_time, course_id) VALUES (134, 8, 4, null, 0, 8);
INSERT IGNORE INTO holes (id, num, par, name, walk_time, course_id) VALUES (135, 9, 5, null, 0, 8);
INSERT IGNORE INTO holes (id, num, par, name, walk_time, course_id) VALUES (136, 10, 5, null, 0, 8);
INSERT IGNORE INTO holes (id, num, par, name, walk_time, course_id) VALUES (137, 11, 4, null, 0, 8);
INSERT IGNORE INTO holes (id, num, par, name, walk_time, course_id) VALUES (138, 12, 4, null, 0, 8);
INSERT IGNORE INTO holes (id, num, par, name, walk_time, course_id) VALUES (139, 13, 4, null, 0, 8);
INSERT IGNORE INTO holes (id, num, par, name, walk_time, course_id) VALUES (140, 14, 3, null, 0, 8);
INSERT IGNORE INTO holes (id, num, par, name, walk_time, course_id) VALUES (141, 15, 4, null, 0, 8);
INSERT IGNORE INTO holes (id, num, par, name, walk_time, course_id) VALUES (142, 16, 4, null, 0, 8);
INSERT IGNORE INTO holes (id, num, par, name, walk_time, course_id) VALUES (143, 17, 3, null, 0, 8);
INSERT IGNORE INTO holes (id, num, par, name, walk_time, course_id) VALUES (144, 18, 5, null, 0, 8);
INSERT IGNORE INTO holes (id, num, par, name, walk_time, course_id) VALUES (145, 1, 4, null, 0, 9);
INSERT IGNORE INTO holes (id, num, par, name, walk_time, course_id) VALUES (146, 2, 3, null, 0, 9);
INSERT IGNORE INTO holes (id, num, par, name, walk_time, course_id) VALUES (147, 3, 4, null, 0, 9);
INSERT IGNORE INTO holes (id, num, par, name, walk_time, course_id) VALUES (148, 4, 4, null, 0, 9);
INSERT IGNORE INTO holes (id, num, par, name, walk_time, course_id) VALUES (149, 5, 5, null, 0, 9);
INSERT IGNORE INTO holes (id, num, par, name, walk_time, course_id) VALUES (150, 6, 3, null, 0, 9);
INSERT IGNORE INTO holes (id, num, par, name, walk_time, course_id) VALUES (151, 7, 4, null, 0, 9);
INSERT IGNORE INTO holes (id, num, par, name, walk_time, course_id) VALUES (152, 8, 4, null, 0, 9);
INSERT IGNORE INTO holes (id, num, par, name, walk_time, course_id) VALUES (153, 9, 5, null, 0, 9);
INSERT IGNORE INTO holes (id, num, par, name, walk_time, course_id) VALUES (154, 10, 4, null, 0, 9);
INSERT IGNORE INTO holes (id, num, par, name, walk_time, course_id) VALUES (155, 11, 4, null, 0, 9);
INSERT IGNORE INTO holes (id, num, par, name, walk_time, course_id) VALUES (156, 12, 4, null, 0, 9);
INSERT IGNORE INTO holes (id, num, par, name, walk_time, course_id) VALUES (157, 13, 3, null, 0, 9);
INSERT IGNORE INTO holes (id, num, par, name, walk_time, course_id) VALUES (158, 14, 4, null, 0, 9);
INSERT IGNORE INTO holes (id, num, par, name, walk_time, course_id) VALUES (159, 15, 5, null, 0, 9);
INSERT IGNORE INTO holes (id, num, par, name, walk_time, course_id) VALUES (160, 16, 4, null, 0, 9);
INSERT IGNORE INTO holes (id, num, par, name, walk_time, course_id) VALUES (161, 17, 3, null, 0, 9);
INSERT IGNORE INTO holes (id, num, par, name, walk_time, course_id) VALUES (162, 18, 5, null, 0, 9);
INSERT IGNORE INTO holes (id, num, par, name, walk_time, course_id) VALUES (163, 1, 4, null, 0, 10);
INSERT IGNORE INTO holes (id, num, par, name, walk_time, course_id) VALUES (164, 2, 3, null, 0, 10);
INSERT IGNORE INTO holes (id, num, par, name, walk_time, course_id) VALUES (165, 3, 4, null, 0, 10);
INSERT IGNORE INTO holes (id, num, par, name, walk_time, course_id) VALUES (166, 4, 4, null, 0, 10);
INSERT IGNORE INTO holes (id, num, par, name, walk_time, course_id) VALUES (167, 5, 5, null, 0, 10);
INSERT IGNORE INTO holes (id, num, par, name, walk_time, course_id) VALUES (168, 6, 3, null, 0, 10);
INSERT IGNORE INTO holes (id, num, par, name, walk_time, course_id) VALUES (169, 7, 4, null, 0, 10);
INSERT IGNORE INTO holes (id, num, par, name, walk_time, course_id) VALUES (170, 8, 4, null, 0, 10);
INSERT IGNORE INTO holes (id, num, par, name, walk_time, course_id) VALUES (171, 9, 5, null, 0, 10);
INSERT IGNORE INTO holes (id, num, par, name, walk_time, course_id) VALUES (172, 10, 4, null, 0, 10);
INSERT IGNORE INTO holes (id, num, par, name, walk_time, course_id) VALUES (173, 11, 3, null, 0, 10);
INSERT IGNORE INTO holes (id, num, par, name, walk_time, course_id) VALUES (174, 12, 4, null, 0, 10);
INSERT IGNORE INTO holes (id, num, par, name, walk_time, course_id) VALUES (175, 13, 4, null, 0, 10);
INSERT IGNORE INTO holes (id, num, par, name, walk_time, course_id) VALUES (176, 14, 5, null, 0, 10);
INSERT IGNORE INTO holes (id, num, par, name, walk_time, course_id) VALUES (177, 15, 4, null, 0, 10);
INSERT IGNORE INTO holes (id, num, par, name, walk_time, course_id) VALUES (178, 16, 4, null, 0, 10);
INSERT IGNORE INTO holes (id, num, par, name, walk_time, course_id) VALUES (179, 17, 3, null, 0, 10);
INSERT IGNORE INTO holes (id, num, par, name, walk_time, course_id) VALUES (180, 18, 5, null, 0, 10);
INSERT IGNORE INTO holes (id, num, par, name, walk_time, course_id) VALUES (181, 1, 4, null, 0, 11);
INSERT IGNORE INTO holes (id, num, par, name, walk_time, course_id) VALUES (182, 2, 4, null, 0, 11);
INSERT IGNORE INTO holes (id, num, par, name, walk_time, course_id) VALUES (183, 3, 4, null, 0, 11);
INSERT IGNORE INTO holes (id, num, par, name, walk_time, course_id) VALUES (184, 4, 3, null, 0, 11);
INSERT IGNORE INTO holes (id, num, par, name, walk_time, course_id) VALUES (185, 5, 4, null, 0, 11);
INSERT IGNORE INTO holes (id, num, par, name, walk_time, course_id) VALUES (186, 6, 5, null, 0, 11);
INSERT IGNORE INTO holes (id, num, par, name, walk_time, course_id) VALUES (187, 7, 4, null, 0, 11);
INSERT IGNORE INTO holes (id, num, par, name, walk_time, course_id) VALUES (188, 8, 3, null, 0, 11);
INSERT IGNORE INTO holes (id, num, par, name, walk_time, course_id) VALUES (189, 9, 5, null, 0, 11);
INSERT IGNORE INTO holes (id, num, par, name, walk_time, course_id) VALUES (190, 10, 4, null, 0, 11);
INSERT IGNORE INTO holes (id, num, par, name, walk_time, course_id) VALUES (191, 11, 3, null, 0, 11);
INSERT IGNORE INTO holes (id, num, par, name, walk_time, course_id) VALUES (192, 12, 4, null, 0, 11);
INSERT IGNORE INTO holes (id, num, par, name, walk_time, course_id) VALUES (193, 13, 4, null, 0, 11);
INSERT IGNORE INTO holes (id, num, par, name, walk_time, course_id) VALUES (194, 14, 5, null, 0, 11);
INSERT IGNORE INTO holes (id, num, par, name, walk_time, course_id) VALUES (195, 15, 3, null, 0, 11);
INSERT IGNORE INTO holes (id, num, par, name, walk_time, course_id) VALUES (196, 16, 4, null, 0, 11);
INSERT IGNORE INTO holes (id, num, par, name, walk_time, course_id) VALUES (197, 17, 4, null, 0, 11);
INSERT IGNORE INTO holes (id, num, par, name, walk_time, course_id) VALUES (198, 18, 5, null, 0, 11);
INSERT IGNORE INTO holes (id, num, par, name, walk_time, course_id) VALUES (199, 1, 4, null, 0, 12);
INSERT IGNORE INTO holes (id, num, par, name, walk_time, course_id) VALUES (200, 2, 4, null, 0, 12);
INSERT IGNORE INTO holes (id, num, par, name, walk_time, course_id) VALUES (201, 3, 4, null, 0, 12);
INSERT IGNORE INTO holes (id, num, par, name, walk_time, course_id) VALUES (202, 4, 3, null, 0, 12);
INSERT IGNORE INTO holes (id, num, par, name, walk_time, course_id) VALUES (203, 5, 4, null, 0, 12);
INSERT IGNORE INTO holes (id, num, par, name, walk_time, course_id) VALUES (204, 6, 5, null, 0, 12);
INSERT IGNORE INTO holes (id, num, par, name, walk_time, course_id) VALUES (205, 7, 4, null, 0, 12);
INSERT IGNORE INTO holes (id, num, par, name, walk_time, course_id) VALUES (206, 8, 3, null, 0, 12);
INSERT IGNORE INTO holes (id, num, par, name, walk_time, course_id) VALUES (207, 9, 5, null, 0, 12);
INSERT IGNORE INTO holes (id, num, par, name, walk_time, course_id) VALUES (208, 10, 4, null, 0, 12);
INSERT IGNORE INTO holes (id, num, par, name, walk_time, course_id) VALUES (209, 11, 3, null, 0, 12);
INSERT IGNORE INTO holes (id, num, par, name, walk_time, course_id) VALUES (210, 12, 4, null, 0, 12);
INSERT IGNORE INTO holes (id, num, par, name, walk_time, course_id) VALUES (211, 13, 4, null, 0, 12);
INSERT IGNORE INTO holes (id, num, par, name, walk_time, course_id) VALUES (212, 14, 5, null, 0, 12);
INSERT IGNORE INTO holes (id, num, par, name, walk_time, course_id) VALUES (213, 15, 4, null, 0, 12);
INSERT IGNORE INTO holes (id, num, par, name, walk_time, course_id) VALUES (214, 16, 4, null, 0, 12);
INSERT IGNORE INTO holes (id, num, par, name, walk_time, course_id) VALUES (215, 17, 3, null, 0, 12);
INSERT IGNORE INTO holes (id, num, par, name, walk_time, course_id) VALUES (216, 18, 5, null, 0, 12);
INSERT IGNORE INTO holes (id, num, par, name, walk_time, course_id) VALUES (217, 1, 4, null, 0, 13);
INSERT IGNORE INTO holes (id, num, par, name, walk_time, course_id) VALUES (218, 2, 4, null, 0, 13);
INSERT IGNORE INTO holes (id, num, par, name, walk_time, course_id) VALUES (219, 3, 4, null, 0, 13);
INSERT IGNORE INTO holes (id, num, par, name, walk_time, course_id) VALUES (220, 4, 3, null, 0, 13);
INSERT IGNORE INTO holes (id, num, par, name, walk_time, course_id) VALUES (221, 5, 4, null, 0, 13);
INSERT IGNORE INTO holes (id, num, par, name, walk_time, course_id) VALUES (222, 6, 5, null, 0, 13);
INSERT IGNORE INTO holes (id, num, par, name, walk_time, course_id) VALUES (223, 7, 4, null, 0, 13);
INSERT IGNORE INTO holes (id, num, par, name, walk_time, course_id) VALUES (224, 8, 3, null, 0, 13);
INSERT IGNORE INTO holes (id, num, par, name, walk_time, course_id) VALUES (225, 9, 5, null, 0, 13);
INSERT IGNORE INTO holes (id, num, par, name, walk_time, course_id) VALUES (226, 10, 5, null, 0, 13);
INSERT IGNORE INTO holes (id, num, par, name, walk_time, course_id) VALUES (227, 11, 4, null, 0, 13);
INSERT IGNORE INTO holes (id, num, par, name, walk_time, course_id) VALUES (228, 12, 4, null, 0, 13);
INSERT IGNORE INTO holes (id, num, par, name, walk_time, course_id) VALUES (229, 13, 4, null, 0, 13);
INSERT IGNORE INTO holes (id, num, par, name, walk_time, course_id) VALUES (230, 14, 3, null, 0, 13);
INSERT IGNORE INTO holes (id, num, par, name, walk_time, course_id) VALUES (231, 15, 4, null, 0, 13);
INSERT IGNORE INTO holes (id, num, par, name, walk_time, course_id) VALUES (232, 16, 4, null, 0, 13);
INSERT IGNORE INTO holes (id, num, par, name, walk_time, course_id) VALUES (233, 17, 3, null, 0, 13);
INSERT IGNORE INTO holes (id, num, par, name, walk_time, course_id) VALUES (234, 18, 5, null, 0, 13);
INSERT IGNORE INTO holes (id, num, par, name, walk_time, course_id) VALUES (235, 1, 5, null, 0, 14);
INSERT IGNORE INTO holes (id, num, par, name, walk_time, course_id) VALUES (236, 2, 4, null, 0, 14);
INSERT IGNORE INTO holes (id, num, par, name, walk_time, course_id) VALUES (237, 3, 4, null, 0, 14);
INSERT IGNORE INTO holes (id, num, par, name, walk_time, course_id) VALUES (238, 4, 4, null, 0, 14);
INSERT IGNORE INTO holes (id, num, par, name, walk_time, course_id) VALUES (239, 5, 3, null, 0, 14);
INSERT IGNORE INTO holes (id, num, par, name, walk_time, course_id) VALUES (240, 6, 4, null, 0, 14);
INSERT IGNORE INTO holes (id, num, par, name, walk_time, course_id) VALUES (241, 7, 4, null, 0, 14);
INSERT IGNORE INTO holes (id, num, par, name, walk_time, course_id) VALUES (242, 8, 3, null, 0, 14);
INSERT IGNORE INTO holes (id, num, par, name, walk_time, course_id) VALUES (243, 9, 5, null, 0, 14);
INSERT IGNORE INTO holes (id, num, par, name, walk_time, course_id) VALUES (244, 10, 4, null, 0, 14);
INSERT IGNORE INTO holes (id, num, par, name, walk_time, course_id) VALUES (245, 11, 3, null, 0, 14);
INSERT IGNORE INTO holes (id, num, par, name, walk_time, course_id) VALUES (246, 12, 4, null, 0, 14);
INSERT IGNORE INTO holes (id, num, par, name, walk_time, course_id) VALUES (247, 13, 4, null, 0, 14);
INSERT IGNORE INTO holes (id, num, par, name, walk_time, course_id) VALUES (248, 14, 5, null, 0, 14);
INSERT IGNORE INTO holes (id, num, par, name, walk_time, course_id) VALUES (249, 15, 3, null, 0, 14);
INSERT IGNORE INTO holes (id, num, par, name, walk_time, course_id) VALUES (250, 16, 4, null, 0, 14);
INSERT IGNORE INTO holes (id, num, par, name, walk_time, course_id) VALUES (251, 17, 4, null, 0, 14);
INSERT IGNORE INTO holes (id, num, par, name, walk_time, course_id) VALUES (252, 18, 5, null, 0, 14);
INSERT IGNORE INTO holes (id, num, par, name, walk_time, course_id) VALUES (253, 1, 5, null, 0, 15);
INSERT IGNORE INTO holes (id, num, par, name, walk_time, course_id) VALUES (254, 2, 4, null, 0, 15);
INSERT IGNORE INTO holes (id, num, par, name, walk_time, course_id) VALUES (255, 3, 4, null, 0, 15);
INSERT IGNORE INTO holes (id, num, par, name, walk_time, course_id) VALUES (256, 4, 4, null, 0, 15);
INSERT IGNORE INTO holes (id, num, par, name, walk_time, course_id) VALUES (257, 5, 3, null, 0, 15);
INSERT IGNORE INTO holes (id, num, par, name, walk_time, course_id) VALUES (258, 6, 4, null, 0, 15);
INSERT IGNORE INTO holes (id, num, par, name, walk_time, course_id) VALUES (259, 7, 4, null, 0, 15);
INSERT IGNORE INTO holes (id, num, par, name, walk_time, course_id) VALUES (260, 8, 3, null, 0, 15);
INSERT IGNORE INTO holes (id, num, par, name, walk_time, course_id) VALUES (261, 9, 5, null, 0, 15);
INSERT IGNORE INTO holes (id, num, par, name, walk_time, course_id) VALUES (262, 10, 4, null, 0, 15);
INSERT IGNORE INTO holes (id, num, par, name, walk_time, course_id) VALUES (263, 11, 4, null, 0, 15);
INSERT IGNORE INTO holes (id, num, par, name, walk_time, course_id) VALUES (264, 12, 4, null, 0, 15);
INSERT IGNORE INTO holes (id, num, par, name, walk_time, course_id) VALUES (265, 13, 3, null, 0, 15);
INSERT IGNORE INTO holes (id, num, par, name, walk_time, course_id) VALUES (266, 14, 4, null, 0, 15);
INSERT IGNORE INTO holes (id, num, par, name, walk_time, course_id) VALUES (267, 15, 5, null, 0, 15);
INSERT IGNORE INTO holes (id, num, par, name, walk_time, course_id) VALUES (268, 16, 4, null, 0, 15);
INSERT IGNORE INTO holes (id, num, par, name, walk_time, course_id) VALUES (269, 17, 3, null, 0, 15);
INSERT IGNORE INTO holes (id, num, par, name, walk_time, course_id) VALUES (270, 18, 5, null, 0, 15);
INSERT IGNORE INTO holes (id, num, par, name, walk_time, course_id) VALUES (271, 1, 5, null, 0, 16);
INSERT IGNORE INTO holes (id, num, par, name, walk_time, course_id) VALUES (272, 2, 4, null, 0, 16);
INSERT IGNORE INTO holes (id, num, par, name, walk_time, course_id) VALUES (273, 3, 4, null, 0, 16);
INSERT IGNORE INTO holes (id, num, par, name, walk_time, course_id) VALUES (274, 4, 4, null, 0, 16);
INSERT IGNORE INTO holes (id, num, par, name, walk_time, course_id) VALUES (275, 5, 3, null, 0, 16);
INSERT IGNORE INTO holes (id, num, par, name, walk_time, course_id) VALUES (276, 6, 4, null, 0, 16);
INSERT IGNORE INTO holes (id, num, par, name, walk_time, course_id) VALUES (277, 7, 4, null, 0, 16);
INSERT IGNORE INTO holes (id, num, par, name, walk_time, course_id) VALUES (278, 8, 3, null, 0, 16);
INSERT IGNORE INTO holes (id, num, par, name, walk_time, course_id) VALUES (279, 9, 5, null, 0, 16);
INSERT IGNORE INTO holes (id, num, par, name, walk_time, course_id) VALUES (280, 10, 4, null, 0, 16);
INSERT IGNORE INTO holes (id, num, par, name, walk_time, course_id) VALUES (281, 11, 3, null, 0, 16);
INSERT IGNORE INTO holes (id, num, par, name, walk_time, course_id) VALUES (282, 12, 4, null, 0, 16);
INSERT IGNORE INTO holes (id, num, par, name, walk_time, course_id) VALUES (283, 13, 4, null, 0, 16);
INSERT IGNORE INTO holes (id, num, par, name, walk_time, course_id) VALUES (284, 14, 5, null, 0, 16);
INSERT IGNORE INTO holes (id, num, par, name, walk_time, course_id) VALUES (285, 15, 4, null, 0, 16);
INSERT IGNORE INTO holes (id, num, par, name, walk_time, course_id) VALUES (286, 16, 4, null, 0, 16);
INSERT IGNORE INTO holes (id, num, par, name, walk_time, course_id) VALUES (287, 17, 3, null, 0, 16);
INSERT IGNORE INTO holes (id, num, par, name, walk_time, course_id) VALUES (288, 18, 5, null, 0, 16);